id,numericId
ART,0
BIG DATA,1
BUSINESS STRATEGY,2
CLOUD COMPUTING,3
COMPUTER PROGRAMMING,4
DANCING,5
DATA ANALYTICS,6
DATA MINING,7
DATA VISUALIZATION,8
DINING OUT,9
EDUCATION & TECHNOLOGY,10
ENTREPRENEUR NETWORKING,11
ENTREPRENEURSHIP,12
FITNESS,13
HADOOP,14
HIKING,15
HOUSTON,16
INTELLECTUAL DISCUSSION,17
INTERNET STARTUPS,18
JAVASCRIPT,19
LEAN STARTUP,20
LIVE MUSIC,21
MOBILE DEVELOPMENT,22
MOBILE TECHNOLOGY,23
MUSIC,24
NEW TECHNOLOGY,25
OPEN SOURCE,26
OUTDOORS,27
PREDICTIVE ANALYTICS,28
PROFESSIONAL DEVELOPMENT,29
PROFESSIONAL NETWORKING,30
PYTHON,31
SELF-IMPROVEMENT,32
SOCIAL,33
SOFTWARE DEVELOPMENT,34
STARTUP BUSINESSES,35
TECHNOLOGY,36
TECHNOLOGY STARTUPS,37
THEATER,38
TRAVEL,39
WATCHING MOVIES,40
WEB DESIGN,41
WEB DEVELOPMENT,42
WEB TECHNOLOGY,43
